{
  "project_info": {
    "project_number": "283808231470",
    "firebase_url": "https://notice-firestore.firebaseio.com",
    "project_id": "notice-firestore",
    "storage_bucket": "notice-firestore.appspot.com"
  },
  "client": [
    {
      "client_info": {
        "mobilesdk_app_id": "1:283808231470:android:297f9310ae4d9f10a5afbf",
        "android_client_info": {
          "package_name": "com.example.notice_firestore"
        }
      },
      "oauth_client": [
        {
          "client_id": "283808231470-btfh3s5djghljn8355u0l043ja4qltn2.apps.googleusercontent.com",
          "client_type": 3
        }
      ],
      "api_key": [
        {
          "current_key": "AIzaSyAtyNd8BHZQE4gqh4I5oBU1cAAiPF9LZdg"
        }
      ],
      "services": {
        "appinvite_service": {
          "other_platform_oauth_client": [
            {
              "client_id": "283808231470-btfh3s5djghljn8355u0l043ja4qltn2.apps.googleusercontent.com",
              "client_type": 3
            }
          ]
        }
      }
    }
  ],
  "configuration_version": "1"
}